method,sigma,seed,pr_auc,eff_mi
Output,0.0001,42,0.6121333139582492,0.7047235435763566
Output,0.0001,1,0.6121932841999234,0.7017696309085854
Output,0.0001,2,0.6120924473208703,0.6988134413279047
Output,0.0001,3,0.6119953865825731,0.7006420500889069
Output,0.0001,4,0.6121650168643007,0.7064188535417859
Output,0.000175938509926,42,0.6121307908303522,0.7035065489630626
Output,0.000175938509926,1,0.612233601300057,0.695086836983465
Output,0.000175938509926,2,0.6120746990481529,0.6938109703912841
Output,0.000175938509926,3,0.6119311684872915,0.6976994191789587
Output,0.000175938509926,4,0.6121861308519688,0.705889815332709
Output,0.0003095435927498,42,0.6121101367330439,0.6999275967607812
Output,0.0003095435927498,1,0.6123179208730775,0.6815138164489649
Output,0.0003095435927498,2,0.612031419210894,0.6852782519827447
Output,0.0003095435927498,3,0.6117798735059724,0.6935622560114658
Output,0.0003095435927498,4,0.6122211452431698,0.7037717168411199
Output,0.0005446063846554,42,0.6120129108098953,0.696854581415662
Output,0.0005446063846554,1,0.6124597451159801,0.6761715861348947
Output,0.0005446063846554,2,0.6119455364319627,0.679607037895115
Output,0.0005446063846554,3,0.6115016855790664,0.6903733520392082
Output,0.0005446063846554,4,0.6122664939253967,0.7000390128564646
Output,0.0009581723581247,42,0.6115150581996495,0.6943371003419436
Output,0.0009581723581247,1,0.6125839822337255,0.6672693641710465
Output,0.0009581723581247,2,0.6116426219419506,0.6774157006307839
Output,0.0009581723581247,3,0.6108751898585467,0.6889804150197092
Output,0.0009581723581247,4,0.6121721723830307,0.6952080908804645
Output,0.0016857941694076,42,0.6100176539792689,0.687151094224126
Output,0.0016857941694076,1,0.6124555861615745,0.6456083126387675
Output,0.0016857941694076,2,0.6108511512076804,0.6804496127271731
Output,0.0016857941694076,3,0.609576678799297,0.6896824483762188
Output,0.0016857941694076,4,0.6115760210840546,0.6818206293715237
Output,0.0029659611420752,42,0.6055917975770059,0.6539271771771223
Output,0.0029659611420752,1,0.6109722515766104,0.6033847574217429
Output,0.0029659611420752,2,0.608580804027394,0.6933354453967454
Output,0.0029659611420752,3,0.606255005424635,0.6937519836525446
Output,0.0029659611420752,4,0.6094439571969814,0.6569693881422045
Output,0.0052182678383515,42,0.5924896870083372,0.5954378350460304
Output,0.0052182678383515,1,0.6026254110008007,0.5003788823608388
Output,0.0052182678383515,2,0.6013991859318272,0.7158004713071946
Output,0.0052182678383515,3,0.597991979354943,0.6934287236391036
Output,0.0052182678383515,4,0.6029309422177028,0.5997840890508686
Output,0.0091809426787438,42,0.5562379553130448,0.5072785660818301
Output,0.0091809426787438,1,0.5809793624698462,0.6366008747795102
Output,0.0091809426787438,2,0.5791536110451204,0.6963178211308905
Output,0.0091809426787438,3,0.5764448344623098,0.6795502672511983
Output,0.0091809426787438,4,0.5839701263607425,0.5187456418120556
Output,0.0161528137461427,42,0.473142532315534,0.5760905965444179
Output,0.0161528137461427,1,0.5450378274323721,0.7070520244757648
Output,0.0161528137461427,2,0.5259492751925082,0.6511082504737943
Output,0.0161528137461427,3,0.5346933962006497,0.6686240219224651
Output,0.0161528137461427,4,0.5386377250571134,0.545020507799749
Output,0.0284190198160869,42,0.25072226187919816,0.6143556114729427
Output,0.0284190198160869,1,0.41416132740946227,0.7341698865669652
Output,0.0284190198160869,2,0.37189220356747543,0.6268861917977954
Output,0.0284190198160869,3,0.4253954013400185,0.6699148378926595
Output,0.0284190198160869,4,0.40106251274935617,0.5895554409082592
Output,0.0499999999999999,42,0.09129181161673222,0.6403522911092936
Output,0.0499999999999999,1,0.11606994866080965,0.7265971596604649
Output,0.0499999999999999,2,0.1613162090559791,0.6043967706092328
Output,0.0499999999999999,3,0.16787556570901468,0.6579444195977456
Output,0.0499999999999999,4,0.16251674693418414,0.6409008063529211
Output (last-layer),0.0001,42,0.6121172359685542,0.7048459428906543
Output (last-layer),0.0001,1,0.6121155136301653,0.7047051250208135
Output (last-layer),0.0001,2,0.6121151867763746,0.7051182530031423
Output (last-layer),0.0001,3,0.6121045421607539,0.7046557975226213
Output (last-layer),0.0001,4,0.6121178525094021,0.7046746047729754
Output (last-layer),0.000175938509926,42,0.6121213124051732,0.7051365407068241
Output (last-layer),0.000175938509926,1,0.612117660033217,0.7049288865843089
Output (last-layer),0.000175938509926,2,0.6121135619279453,0.7056153387865048
Output (last-layer),0.000175938509926,3,0.6121073301329787,0.704844296467121
Output (last-layer),0.000175938509926,4,0.6121219907748481,0.7048514839674835
Output (last-layer),0.0003095435927498,42,0.6121270299755945,0.7056295226407762
Output (last-layer),0.0003095435927498,1,0.6121221710458785,0.7053057664307075
Output (last-layer),0.0003095435927498,2,0.6121217555607386,0.706467759823059
Output (last-layer),0.0003095435927498,3,0.6121031624493722,0.7053327417415179
Output (last-layer),0.0003095435927498,4,0.6121317701555739,0.7051543997065224
Output (last-layer),0.0005446063846554,42,0.6121482877208141,0.706461779147013
Output (last-layer),0.0005446063846554,1,0.6121338406594921,0.7060233541505996
Output (last-layer),0.0005446063846554,2,0.6121420156772712,0.7077257778418109
Output (last-layer),0.0005446063846554,3,0.6120948808220305,0.7063588782323931
Output (last-layer),0.0005446063846554,4,0.6121626360486162,0.7057906195444932
Output (last-layer),0.0009581723581247,42,0.6121683624260498,0.7078503454056974
Output (last-layer),0.0009581723581247,1,0.6121584549043431,0.7068892166496056
Output (last-layer),0.0009581723581247,2,0.6121622937667694,0.7094820711111207
Output (last-layer),0.0009581723581247,3,0.6121015960467666,0.7087284238878866
Output (last-layer),0.0009581723581247,4,0.6121872984822978,0.7068490905740381
Output (last-layer),0.0016857941694076,42,0.6122240594814313,0.7093357752782795
Output (last-layer),0.0016857941694076,1,0.6121997759339513,0.7085611311845228
Output (last-layer),0.0016857941694076,2,0.6122085087903828,0.7115831307610593
Output (last-layer),0.0016857941694076,3,0.6121215906761444,0.7126800182306539
Output (last-layer),0.0016857941694076,4,0.6122428543878183,0.7089101372505286
Output (last-layer),0.0029659611420752,42,0.6123102791846788,0.7129578919193367
Output (last-layer),0.0029659611420752,1,0.6122897662299288,0.7142738446160837
Output (last-layer),0.0029659611420752,2,0.6122847301217146,0.7172726983600162
Output (last-layer),0.0029659611420752,3,0.6122069510645115,0.7189873046125466
Output (last-layer),0.0029659611420752,4,0.6123318807509655,0.7117950549916278
Output (last-layer),0.0052182678383515,42,0.6124055387703026,0.7216616072142632
Output (last-layer),0.0052182678383515,1,0.6124233109638589,0.7288559229869461
Output (last-layer),0.0052182678383515,2,0.6123489846467611,0.7278558996656499
Output (last-layer),0.0052182678383515,3,0.612335131539786,0.7356133647253099
Output (last-layer),0.0052182678383515,4,0.6124471460853194,0.7177110609842179
Output (last-layer),0.0091809426787438,42,0.6122689465706856,0.7397369550222767
Output (last-layer),0.0091809426787438,1,0.6124497061616873,0.7708610131907511
Output (last-layer),0.0091809426787438,2,0.6122456450678628,0.7530280671854201
Output (last-layer),0.0091809426787438,3,0.6125028086855638,0.7816203769339538
Output (last-layer),0.0091809426787438,4,0.6124361145497352,0.7323488710746976
Output (last-layer),0.0161528137461427,42,0.6118944355105675,0.7633987102211612
Output (last-layer),0.0161528137461427,1,0.6121499955868002,0.7741988606357051
Output (last-layer),0.0161528137461427,2,0.6116306048582874,0.771441622012803
Output (last-layer),0.0161528137461427,3,0.6114771654371267,0.7575000991774878
Output (last-layer),0.0161528137461427,4,0.6117318550441453,0.7688704989557574
Output (last-layer),0.0284190198160869,42,0.606291932001926,0.709803509826535
Output (last-layer),0.0284190198160869,1,0.6047757581246322,0.7134140422770684
Output (last-layer),0.0284190198160869,2,0.6062371988797932,0.723325617911765
Output (last-layer),0.0284190198160869,3,0.6003865126715108,0.6791357428085998
Output (last-layer),0.0284190198160869,4,0.6081506105418183,0.7837707555207648
Output (last-layer),0.0499999999999999,42,0.5933319417235895,0.6263526601229289
Output (last-layer),0.0499999999999999,1,0.5863945069853712,0.641175312416592
Output (last-layer),0.0499999999999999,2,0.590186736477793,0.6364020867485494
Output (last-layer),0.0499999999999999,3,0.5885392355108814,0.607668688805149
Output (last-layer),0.0499999999999999,4,0.5952675298238896,0.7073214788701622
