model,family,config,dataset,machine,est_minutes,source,checkpoint_mtime_utc,caveat
baseline.pth,Baseline,,CARLA,WS-PBWS1004508,,none,2026-07-08T18:58:25.747165+00:00,"first checkpoint in the sweep — no preceding mtime to difference against, so no estimate is available; run logs carry no wall-clock timestamps, so no log-based cross-check was possible"
input_sigma0.01.pth,Input,σ=0.01,CARLA,WS-PBWS1004508,5.82,mtime-delta,2026-07-08T19:04:14.872564+00:00,"UPPER BOUND — gap to the previous checkpoint also contains the evaluation run between the two trainings (bootstrap CIs) and is measured best-epoch to best-epoch, not train start to train end; run logs carry no wall-clock timestamps, so no log-based cross-check was possible"
input_sigma0.05.pth,Input,σ=0.05,CARLA,WS-PBWS1004508,21.31,mtime-delta,2026-07-08T19:25:33.390498+00:00,"UPPER BOUND — gap to the previous checkpoint also contains the evaluation run between the two trainings (bootstrap CIs) and is measured best-epoch to best-epoch, not train start to train end; run logs carry no wall-clock timestamps, so no log-based cross-check was possible"
input_sigma0.1.pth,Input,σ=0.1,CARLA,WS-PBWS1004508,27.47,mtime-delta,2026-07-08T19:53:01.518738+00:00,"UPPER BOUND — gap to the previous checkpoint also contains the evaluation run between the two trainings (bootstrap CIs) and is measured best-epoch to best-epoch, not train start to train end; run logs carry no wall-clock timestamps, so no log-based cross-check was possible"
input_sigma0.3.pth,Input,σ=0.3,CARLA,WS-PBWS1004508,26.17,mtime-delta,2026-07-08T20:19:11.592046+00:00,"UPPER BOUND — gap to the previous checkpoint also contains the evaluation run between the two trainings (bootstrap CIs) and is measured best-epoch to best-epoch, not train start to train end; run logs carry no wall-clock timestamps, so no log-based cross-check was possible"
input_sigmaper-feature.pth,Input,σ=per-feature,CARLA,WS-PBWS1004508,3.24,mtime-delta,2026-07-08T20:22:25.854798+00:00,"UPPER BOUND — gap to the previous checkpoint also contains the evaluation run between the two trainings (bootstrap CIs) and is measured best-epoch to best-epoch, not train start to train end; run logs carry no wall-clock timestamps, so no log-based cross-check was possible"
dpsgd_clip0.5_nm1.0.pth,DP-SGD,"clip=0.5, nm=1.0",CARLA,WS-PBWS1004508,118.37,mtime-delta,2026-07-08T22:20:47.995566+00:00,"UPPER BOUND — gap to the previous checkpoint also contains the evaluation run between the two trainings (bootstrap CIs) and is measured best-epoch to best-epoch, not train start to train end; run logs carry no wall-clock timestamps, so no log-based cross-check was possible"
dpsgd_clip0.5_nm2.0.pth,DP-SGD,"clip=0.5, nm=2.0",CARLA,WS-PBWS1004508,379.06,mtime-delta,2026-07-09T04:39:51.572151+00:00,"UPPER BOUND — gap to the previous checkpoint also contains the evaluation run between the two trainings (bootstrap CIs) and is measured best-epoch to best-epoch, not train start to train end; run logs carry no wall-clock timestamps, so no log-based cross-check was possible"
dpsgd_clip1.0_nm1.0.pth,DP-SGD,"clip=1.0, nm=1.0",CARLA,WS-PBWS1004508,376.36,mtime-delta,2026-07-09T10:56:13.300981+00:00,"UPPER BOUND — gap to the previous checkpoint also contains the evaluation run between the two trainings (bootstrap CIs) and is measured best-epoch to best-epoch, not train start to train end; run logs carry no wall-clock timestamps, so no log-based cross-check was possible"
dpsgd_clip1.0_nm2.0.pth,DP-SGD,"clip=1.0, nm=2.0",CARLA,WS-PBWS1004508,378.84,mtime-delta,2026-07-09T17:15:03.845997+00:00,"UPPER BOUND — gap to the previous checkpoint also contains the evaluation run between the two trainings (bootstrap CIs) and is measured best-epoch to best-epoch, not train start to train end; run logs carry no wall-clock timestamps, so no log-based cross-check was possible"
dpsgd_clip5.0_nm1.0.pth,DP-SGD,"clip=5.0, nm=1.0",CARLA,WS-PBWS1004508,564.97,mtime-delta,2026-07-10T02:40:01.914634+00:00,"UPPER BOUND — gap to the previous checkpoint also contains the evaluation run between the two trainings (bootstrap CIs) and is measured best-epoch to best-epoch, not train start to train end; run logs carry no wall-clock timestamps, so no log-based cross-check was possible"
dpsgd_clip5.0_nm2.0.pth,DP-SGD,"clip=5.0, nm=2.0",CARLA,WS-PBWS1004508,662.82,mtime-delta,2026-07-10T13:42:50.934966+00:00,"UPPER BOUND — gap to the previous checkpoint also contains the evaluation run between the two trainings (bootstrap CIs) and is measured best-epoch to best-epoch, not train start to train end; run logs carry no wall-clock timestamps, so no log-based cross-check was possible"
personalized.pth,Personalized,,CARLA,WS-PBWS1004508,257.75,mtime-delta,2026-07-10T18:00:36.104426+00:00,"UPPER BOUND — gap to the previous checkpoint also contains the evaluation run between the two trainings (bootstrap CIs) and is measured best-epoch to best-epoch, not train start to train end; run logs carry no wall-clock timestamps, so no log-based cross-check was possible"
input_sigma0.6.pth,Input,σ=0.6,CARLA,WS-PBWS1004508,,none,2026-07-18T12:24:07.318258+00:00,"gap to previous checkpoint is 186.4 h (> 24 h) — a separate training session, so the delta measures idle calendar time, not training; run logs carry no wall-clock timestamps, so no log-based cross-check was possible"
input_sigma1.0.pth,Input,σ=1.0,CARLA,WS-PBWS1004508,17.17,mtime-delta,2026-07-18T12:41:17.730896+00:00,"UPPER BOUND — gap to the previous checkpoint also contains the evaluation run between the two trainings (bootstrap CIs) and is measured best-epoch to best-epoch, not train start to train end; run logs carry no wall-clock timestamps, so no log-based cross-check was possible"
input_sigma2.0.pth,Input,σ=2.0,CARLA,WS-PBWS1004508,20.53,mtime-delta,2026-07-18T13:01:49.269314+00:00,"UPPER BOUND — gap to the previous checkpoint also contains the evaluation run between the two trainings (bootstrap CIs) and is measured best-epoch to best-epoch, not train start to train end; run logs carry no wall-clock timestamps, so no log-based cross-check was possible"
baseline.pth,Baseline,,Kaggle,WS-PBWS1004508,,none,2026-07-10T12:02:56.783737+00:00,"first checkpoint in the sweep — no preceding mtime to difference against, so no estimate is available; run logs carry no wall-clock timestamps, so no log-based cross-check was possible"
input_sigma0.01.pth,Input,σ=0.01,Kaggle,WS-PBWS1004508,0.01,mtime-delta,2026-07-10T12:02:57.453346+00:00,"UPPER BOUND — gap to the previous checkpoint also contains the evaluation run between the two trainings (bootstrap CIs) and is measured best-epoch to best-epoch, not train start to train end; run logs carry no wall-clock timestamps, so no log-based cross-check was possible"
input_sigma0.05.pth,Input,σ=0.05,Kaggle,WS-PBWS1004508,0.01,mtime-delta,2026-07-10T12:02:58.109519+00:00,"UPPER BOUND — gap to the previous checkpoint also contains the evaluation run between the two trainings (bootstrap CIs) and is measured best-epoch to best-epoch, not train start to train end; run logs carry no wall-clock timestamps, so no log-based cross-check was possible"
input_sigma0.1.pth,Input,σ=0.1,Kaggle,WS-PBWS1004508,0.01,mtime-delta,2026-07-10T12:02:58.827520+00:00,"UPPER BOUND — gap to the previous checkpoint also contains the evaluation run between the two trainings (bootstrap CIs) and is measured best-epoch to best-epoch, not train start to train end; run logs carry no wall-clock timestamps, so no log-based cross-check was possible"
input_sigma0.3.pth,Input,σ=0.3,Kaggle,WS-PBWS1004508,0.01,mtime-delta,2026-07-10T12:02:59.432402+00:00,"UPPER BOUND — gap to the previous checkpoint also contains the evaluation run between the two trainings (bootstrap CIs) and is measured best-epoch to best-epoch, not train start to train end; run logs carry no wall-clock timestamps, so no log-based cross-check was possible"
input_sigmaper-feature.pth,Input,σ=per-feature,Kaggle,WS-PBWS1004508,0.01,mtime-delta,2026-07-10T12:03:00.072805+00:00,"UPPER BOUND — gap to the previous checkpoint also contains the evaluation run between the two trainings (bootstrap CIs) and is measured best-epoch to best-epoch, not train start to train end; run logs carry no wall-clock timestamps, so no log-based cross-check was possible"
dpsgd_clip0.5_nm1.0.pth,DP-SGD,"clip=0.5, nm=1.0",Kaggle,WS-PBWS1004508,0.19,mtime-delta,2026-07-10T12:03:11.445665+00:00,"UPPER BOUND — gap to the previous checkpoint also contains the evaluation run between the two trainings (bootstrap CIs) and is measured best-epoch to best-epoch, not train start to train end; run logs carry no wall-clock timestamps, so no log-based cross-check was possible"
dpsgd_clip0.5_nm2.0.pth,DP-SGD,"clip=0.5, nm=2.0",Kaggle,WS-PBWS1004508,0.12,mtime-delta,2026-07-10T12:03:18.738159+00:00,"UPPER BOUND — gap to the previous checkpoint also contains the evaluation run between the two trainings (bootstrap CIs) and is measured best-epoch to best-epoch, not train start to train end; run logs carry no wall-clock timestamps, so no log-based cross-check was possible"
dpsgd_clip1.0_nm1.0.pth,DP-SGD,"clip=1.0, nm=1.0",Kaggle,WS-PBWS1004508,0.18,mtime-delta,2026-07-10T12:03:29.739284+00:00,"UPPER BOUND — gap to the previous checkpoint also contains the evaluation run between the two trainings (bootstrap CIs) and is measured best-epoch to best-epoch, not train start to train end; run logs carry no wall-clock timestamps, so no log-based cross-check was possible"
dpsgd_clip1.0_nm2.0.pth,DP-SGD,"clip=1.0, nm=2.0",Kaggle,WS-PBWS1004508,0.12,mtime-delta,2026-07-10T12:03:36.973174+00:00,"UPPER BOUND — gap to the previous checkpoint also contains the evaluation run between the two trainings (bootstrap CIs) and is measured best-epoch to best-epoch, not train start to train end; run logs carry no wall-clock timestamps, so no log-based cross-check was possible"
dpsgd_clip5.0_nm1.0.pth,DP-SGD,"clip=5.0, nm=1.0",Kaggle,WS-PBWS1004508,0.18,mtime-delta,2026-07-10T12:03:47.998353+00:00,"UPPER BOUND — gap to the previous checkpoint also contains the evaluation run between the two trainings (bootstrap CIs) and is measured best-epoch to best-epoch, not train start to train end; run logs carry no wall-clock timestamps, so no log-based cross-check was possible"
dpsgd_clip5.0_nm2.0.pth,DP-SGD,"clip=5.0, nm=2.0",Kaggle,WS-PBWS1004508,0.13,mtime-delta,2026-07-10T12:03:55.509403+00:00,"UPPER BOUND — gap to the previous checkpoint also contains the evaluation run between the two trainings (bootstrap CIs) and is measured best-epoch to best-epoch, not train start to train end; run logs carry no wall-clock timestamps, so no log-based cross-check was possible"
